[
  {
    "waktu": "02-11-24 17:19:44 WIB",
    "lintang": "-6.25",
    "bujur": "103.67",
    "magnitudo": "5.4",
    "kedalaman": "15 Km",
    "wilayah": "121 km BaratDaya PESISIRBARAT-LAMPUNG"
  },
  {
    "waktu": "02-11-24 00:19:13 WIB",
    "lintang": "-0.54",
    "bujur": "125.85",
    "magnitudo": "5.4",
    "kedalaman": "10 Km",
    "wilayah": "163 km BaratLaut SANANA-MALUT"
  },
  {
    "waktu": "01-11-24 15:48:10 WIB",
    "lintang": "-2.65",
    "bujur": "139.47",
    "magnitudo": "5.1",
    "kedalaman": "28 Km",
    "wilayah": "103 km BaratDaya KAB-JAYAPURA-PAPUA"
  },
  {
    "waktu": "25-10-24 00:22:42 WIB",
    "lintang": "-2.29",
    "bujur": "134.27",
    "magnitudo": "5.0",
    "kedalaman": "10 Km",
    "wilayah": "63 km BaratLaut TELUKWONDAMA-PAPUABRT"
  },
  {
    "waktu": "22-10-24 19:43:53 WIB",
    "lintang": "-7.75",
    "bujur": "108.33",
    "magnitudo": "5.0",
    "kedalaman": "72 Km",
    "wilayah": "18 km BaratDaya KAB-PANGANDARAN-JABAR"
  },
  {
    "waktu": "22-10-24 09:36:22 WIB",
    "lintang": "-5.91",
    "bujur": "130.41",
    "magnitudo": "5.0",
    "kedalaman": "10 Km",
    "wilayah": "249 km BaratLaut TANIMBAR"
  },
  {
    "waktu": "21-10-24 15:24:08 WIB",
    "lintang": "-1.11",
    "bujur": "127.31",
    "magnitudo": "5.2",
    "kedalaman": "10 Km",
    "wilayah": "55 km BaratDaya LABUHA-MALUT"
  },
  {
    "waktu": "21-10-24 13:32:37 WIB",
    "lintang": "-1.11",
    "bujur": "127.34",
    "magnitudo": "5.7",
    "kedalaman": "10 Km",
    "wilayah": "54 km BaratDaya LABUHA-MALUT"
  },
  {
    "waktu": "21-10-24 11:12:18 WIB",
    "lintang": "-1.03",
    "bujur": "127.37",
    "magnitudo": "5.1",
    "kedalaman": "17 Km",
    "wilayah": "45 km BaratDaya LABUHA-MALUT"
  },
  {
    "waktu": "21-10-24 10:24:17 WIB",
    "lintang": "-1.09",
    "bujur": "127.34",
    "magnitudo": "5.6",
    "kedalaman": "10 Km",
    "wilayah": "52 km BaratDaya LABUHA-MALUT"
  },
  {
    "waktu": "20-10-24 01:07:13 WIB",
    "lintang": "0.51",
    "bujur": "119.85",
    "magnitudo": "5.3",
    "kedalaman": "34 Km",
    "wilayah": "103 km TimurLaut DONGGALA-SULTENG"
  },
  {
    "waktu": "13-10-24 14:01:34 WIB",
    "lintang": "5.48",
    "bujur": "93.87",
    "magnitudo": "5.8",
    "kedalaman": "10 Km",
    "wilayah": "161 km BaratDaya BANDAACEH-ACEH"
  },
  {
    "waktu": "12-10-24 08:11:55 WIB",
    "lintang": "-0.26",
    "bujur": "125.16",
    "magnitudo": "5.1",
    "kedalaman": "10 Km",
    "wilayah": "128 km Tenggara TUTUYAN-BOLTIM-SULUT"
  },
  {
    "waktu": "10-10-24 14:22:47 WIB",
    "lintang": "1.95",
    "bujur": "127.12",
    "magnitudo": "5.5",
    "kedalaman": "94 Km",
    "wilayah": "82 km BaratDaya PULAUDOI-MALUT"
  },
  {
    "waktu": "04-10-24 03:53:45 WIB",
    "lintang": "2.78",
    "bujur": "128.09",
    "magnitudo": "5.3",
    "kedalaman": "133 Km",
    "wilayah": "64 km TimurLaut PULAUDOI-MALUT"
  },
  {
    "waktu": "01-10-24 16:28:03 WIB",
    "lintang": "-6.18",
    "bujur": "125.04",
    "magnitudo": "6.2",
    "kedalaman": "631 Km",
    "wilayah": "186 km Tenggara WAKATOBI-SULTRA"
  },
  {
    "waktu": "01-10-24 14:10:39 WIB",
    "lintang": "0.48",
    "bujur": "122.31",
    "magnitudo": "5.2",
    "kedalaman": "94 Km",
    "wilayah": "6 km BaratDaya BOALEMO-GORONTALO"
  },
  {
    "waktu": "01-10-24 09:18:22 WIB",
    "lintang": "1.08",
    "bujur": "98.80",
    "magnitudo": "5.3",
    "kedalaman": "108 Km",
    "wilayah": "61 km BaratDaya PADANGSIDEMPUAN-SUMUT"
  },
  {
    "waktu": "29-09-24 18:09:14 WIB",
    "lintang": "2.58",
    "bujur": "126.85",
    "magnitudo": "5.0",
    "kedalaman": "10 Km",
    "wilayah": "108 km BaratLaut PULAUDOI-MALUT"
  },
  {
    "waktu": "24-09-24 02:51:04 WIB",
    "lintang": "-0.11",
    "bujur": "122.92",
    "magnitudo": "6.4",
    "kedalaman": "145 Km",
    "wilayah": "74 km BaratDaya GORONTALO-GORONTALO"
  },
  {
    "waktu": "19-09-24 23:14:17 WIB",
    "lintang": "0.80",
    "bujur": "98.68",
    "magnitudo": "5.3",
    "kedalaman": "93 Km",
    "wilayah": "91 km BaratDaya PADANGSIDEMPUAN-SUMUT"
  },
  {
    "waktu": "19-09-24 14:45:33 WIB",
    "lintang": "2.23",
    "bujur": "128.68",
    "magnitudo": "5.6",
    "kedalaman": "10 Km",
    "wilayah": "47 km TimurLaut DARUBA-MALUT"
  },
  {
    "waktu": "18-09-24 09:41:08 WIB",
    "lintang": "-7.19",
    "bujur": "107.67",
    "magnitudo": "5.0",
    "kedalaman": "10 Km",
    "wilayah": "24 km Tenggara KAB-BANDUNG-JABAR"
  },
  {
    "waktu": "16-09-24 23:53:09 WIB",
    "lintang": "-2.22",
    "bujur": "139.11",
    "magnitudo": "5.1",
    "kedalaman": "24 Km",
    "wilayah": "57 km Tenggara SARMI-PAPUA"
  },
  {
    "waktu": "15-09-24 20:08:09 WIB",
    "lintang": "1.28",
    "bujur": "118.42",
    "magnitudo": "5.6",
    "kedalaman": "10 Km",
    "wilayah": "145 km Tenggara BERAU-KALTIM"
  },
  {
    "waktu": "15-09-24 16:54:31 WIB",
    "lintang": "-7.81",
    "bujur": "106.55",
    "magnitudo": "5.3",
    "kedalaman": "10 Km",
    "wilayah": "91 km Selatan KAB-SUKABUMI-JABAR"
  },
  {
    "waktu": "15-09-24 04:37:38 WIB",
    "lintang": "1.86",
    "bujur": "98.95",
    "magnitudo": "5.7",
    "kedalaman": "131 Km",
    "wilayah": "17 km BaratDaya TAPANULIUTARA-SUMUT"
  },
  {
    "waktu": "10-09-24 12:11:07 WIB",
    "lintang": "-8.74",
    "bujur": "124.26",
    "magnitudo": "5.2",
    "kedalaman": "97 Km",
    "wilayah": "59 km BaratDaya ALOR-NTT"
  },
  {
    "waktu": "10-09-24 04:01:33 WIB",
    "lintang": "4.34",
    "bujur": "126.77",
    "magnitudo": "5.6",
    "kedalaman": "60 Km",
    "wilayah": "39 km TimurLaut MELONGUANE-SULUT"
  },
  {
    "waktu": "07-09-24 08:14:07 WIB",
    "lintang": "-3.91",
    "bujur": "136.93",
    "magnitudo": "5.1",
    "kedalaman": "170 Km",
    "wilayah": "49 km Tenggara INTANJAYA-PAPUATENGAH"
  }
]