[
  {
    "waktu": "04/11/2024 10:26:12 WIB",
    "lintang": "8.7 LS",
    "bujur": "110.3 BT",
    "magnitudo": "4.4",
    "kedalaman": "43 Km",
    "wilayah": "Pusat gempa berada di laut 85 km baratdaya Gunung Kidul",
    "warning": [
      "II Bantul",
      "II Kulonprogo",
      "II Pacitan"
    ]
  },
  {
    "waktu": "04/11/2024 04:58:33 WIB",
    "lintang": "2.42 LS",
    "bujur": "120.98 BT",
    "magnitudo": "4.3",
    "kedalaman": "3 Km",
    "wilayah": "Pusat gempa berada di darat 27 km baratlaut Luwu Timur",
    "warning": [
      "III-IV Malili",
      "III-IV Mangkutana",
      "III-IV Kalaena",
      "III Wotu",
      "III Angkona"
    ]
  },
  {
    "waktu": "03/11/2024 13:51:26 WIB",
    "lintang": "0.2 LS",
    "bujur": "100.39 BT",
    "magnitudo": "3.4",
    "kedalaman": "3 Km",
    "wilayah": "Pusat gempa berada di darat 12 km timur laut Bukittingi",
    "warning": [
      "I - II Bukittinggi"
    ]
  },
  {
    "waktu": "03/11/2024 06:03:25 WIB",
    "lintang": "8.11 LS",
    "bujur": "116.44 BT",
    "magnitudo": "3.8",
    "kedalaman": "12 Km",
    "wilayah": "Pusat gempa berada di laut 41 km timur laut Lombok Utara",
    "warning": [
      "II Lombok Utara"
    ]
  },
  {
    "waktu": "02/11/2024 19:41:06 WIB",
    "lintang": "0.19 LS",
    "bujur": "100.4 BT",
    "magnitudo": "3.1",
    "kedalaman": "1 Km",
    "wilayah": "Pusat gempa berada di laut 13 km timur laut Bukittinggi",
    "warning": [
      "II Bukittinggi",
      "II Kab. 50 Kota"
    ]
  },
  {
    "waktu": "02/11/2024 17:19:44 WIB",
    "lintang": "6.25 LS",
    "bujur": "103.67 BT",
    "magnitudo": "5.4",
    "kedalaman": "15 Km",
    "wilayah": "Pusat gempa berada di laut 121 km barat daya pesisir barat",
    "warning": [
      "II-III Liwa",
      "II - III Krui",
      "II - III Kota Agung",
      "II - III Gisting",
      "II - III Pematang Sawah",
      "II - III Semaka",
      "II Ngambur",
      "II Sekincau",
      "II - III Pesisir Selatan",
      "II Limau"
    ]
  },
  {
    "waktu": "02/11/2024 14:20:16 WIB",
    "lintang": "9.53 LS",
    "bujur": "117.54 BT",
    "magnitudo": "4.5",
    "kedalaman": "15 Km",
    "wilayah": "Pusat gempa berada di laut 115 km tenggara Sumbawa Barat",
    "warning": [
      "III-IV Sumbawa",
      "III Sumbawa Barat",
      "III Lombok Timur",
      "II Lombok Tengah",
      "II Kota Mataram"
    ]
  },
  {
    "waktu": "01/11/2024 22:43:24 WIB",
    "lintang": "8.44 LS",
    "bujur": "119.15 BT",
    "magnitudo": "3.6",
    "kedalaman": "5 Km",
    "wilayah": "Pusat gempa berada di laut 44 km timur laut Kota Bima",
    "warning": [
      "II Bima"
    ]
  },
  {
    "waktu": "01/11/2024 10:00:56 WIB",
    "lintang": "4.39 LU",
    "bujur": "98.1 BT",
    "magnitudo": "4.4",
    "kedalaman": "9 Km",
    "wilayah": "Pusat gempa berada di darat 8 km timur laut Kab. Aceh Tamiang",
    "warning": [
      "III Aceh Tamiang"
    ]
  },
  {
    "waktu": "30/10/2024 23:32:49 WIB",
    "lintang": "8.07 LS",
    "bujur": "107.88 BT",
    "magnitudo": "4.3",
    "kedalaman": "31 Km",
    "wilayah": "Pusat gempa berada di laut 79 km barat daya Kab. Pangandaran",
    "warning": [
      "III Garut",
      "III Pamengpeuk",
      "III Bungbulang",
      "III Cisewu",
      "III Cilawu",
      "II Sumedang"
    ]
  },
  {
    "waktu": "30/10/2024 02:25:16 WIB",
    "lintang": "4.84 LS",
    "bujur": "122.18 BT",
    "magnitudo": "2.7",
    "kedalaman": "5 Km",
    "wilayah": "Pusat gempa berada di Laut 7 km Tenggara Kab.Bombana",
    "warning": [
      "II - III Muna Barat"
    ]
  },
  {
    "waktu": "30/10/2024 02:04:15 WIB",
    "lintang": "4.76 LS",
    "bujur": "122.17 BT",
    "magnitudo": "2.7",
    "kedalaman": "5 Km",
    "wilayah": "Pusat gempa berada di Laut 9 km Timur Laut Kab.Bombana",
    "warning": [
      "II-III Muna Barat"
    ]
  },
  {
    "waktu": "29/10/2024 21:12:17 WIB",
    "lintang": "4 LS",
    "bujur": "121.4 BT",
    "magnitudo": "2.9",
    "kedalaman": "5 Km",
    "wilayah": "Pusat gempa berada di darat 10.7 km Tenggara Samaturu, Kab. Kolaka",
    "warning": [
      "III Kolaka"
    ]
  },
  {
    "waktu": "29/10/2024 09:35:24 WIB",
    "lintang": "4.8 LU",
    "bujur": "96.12 BT",
    "magnitudo": "4.7",
    "kedalaman": "5 Km",
    "wilayah": "Pusat gempa berada di darat 27 km barat daya Kab. Pidie Jaya",
    "warning": [
      "II-III Pidie",
      "II Nagan Raya",
      "II Aceh Tengah",
      "II Aceh Jaya",
      "II Bireuen"
    ]
  },
  {
    "waktu": "28/10/2024 20:52:41 WIB",
    "lintang": "4 LS",
    "bujur": "122.45 BT",
    "magnitudo": "3",
    "kedalaman": "14 Km",
    "wilayah": "Pusat gempa berada di darat 46 km Tenggara Konawe",
    "warning": [
      "II-III Kendari"
    ]
  },
  {
    "waktu": "28/10/2024 20:29:22 WIB",
    "lintang": "8.13 LS",
    "bujur": "107.92 BT",
    "magnitudo": "3.8",
    "kedalaman": "27 Km",
    "wilayah": "Pusat gempa berada di laut 79 km barat daya Kab. Pangandaran",
    "warning": [
      "II Cipatujah",
      "II Salawu",
      "II Cisompet",
      "II Banjarwangi"
    ]
  },
  {
    "waktu": "28/10/2024 20:07:09 WIB",
    "lintang": "1.54 LU",
    "bujur": "96.99 BT",
    "magnitudo": "4.5",
    "kedalaman": "22 Km",
    "wilayah": "Pusat gempa berada di laut 42 km barat laut Nias Utara",
    "warning": [
      "III Kota Gunung Sitoli",
      "III Kabupaten Nias Utara"
    ]
  },
  {
    "waktu": "28/10/2024 12:07:51 WIB",
    "lintang": "5.66 LS",
    "bujur": "104.79 BT",
    "magnitudo": "3.5",
    "kedalaman": "5 Km",
    "wilayah": "Pusat gempa berada di laut 23 km tenggara Tanggamus",
    "warning": [
      "II Limau"
    ]
  },
  {
    "waktu": "28/10/2024 09:21:53 WIB",
    "lintang": "8.99 LS",
    "bujur": "114.98 BT",
    "magnitudo": "4.4",
    "kedalaman": "70 Km",
    "wilayah": "Pusat gempa berada di Laut 34 Km Barat Daya Kuta Selatan",
    "warning": [
      "III Denpasar",
      "II Kuta",
      "II Mataram",
      "II Lombok Barat",
      "II Lombok Tengah",
      "II Lombok Timur",
      "II Sumbawa Barat",
      "II Sumbawa",
      "III Kuta Selatan",
      "II Bangli",
      "II Tabanan",
      "II Gianyar",
      "II Jembrana"
    ]
  },
  {
    "waktu": "28/10/2024 00:15:40 WIB",
    "lintang": "0.84 LU",
    "bujur": "97.42 BT",
    "magnitudo": "4.2",
    "kedalaman": "21 Km",
    "wilayah": "Pusat gempa berada di laut 15 km barat daya Nias Barat",
    "warning": [
      "III Nias Barat",
      "II-III Nias Selatan"
    ]
  }
]